JLEON,JLEON,jleon@aol.com,JUAN LEON
FNARANJO,FNARANJO,fnaranjo@aol.com,FREDY NARANJO
MWOLF,MWOLF,mwolg@aol.com,MADELEINE WOLF
ANARANJO,torito,anaranjo@aol.com,ALAN NARANJO
JLEON2,JLEON2,jleon@aol.com,JUAN LEON
FNARANJO2,FNARANJO2,fnaranjo@aol.com,FREDY NARANJO
MWOLF2,MWOLF2,mwolg@aol.com,MADELEINE WOLF
ANARANJO2,torito2,anaranjo@aol.com,ALAN NARANJO
JLEON3,JLEON3,jleon@aol.com,JUAN LEON
FNARANJO3,FNARANJO3,fnaranjo@aol.com,FREDY NARANJO
MWOLF3,MWOLF3,mwolg@aol.com,MADELEINE WOLF
ANARANJO3,torito3,anaranjo@aol.com,ALAN NARANJO